{
    "n_classes": 2,
    "n_features": 11,
    "n_trees": 10,
    "max_depth": 3,
    "init_predict": [
     0,
     0
    ],
    "norm": 1,
    "trees": [
     [
      {
       "feature": [
        0,
        2,
        5,
        0,
        0,
        0,
        9,
        -2,
        -2,
        -2,
        -2,
        -2,
        -2,
        -2,
        -2
       ],
       "threshold": [
        5.625,
        63.6724091,
        15.625,
        4.625,
        3.625,
        7.875,
        0.108698346,
        0.0,
        0.0,
        0.0,
        0.0,
        0.0,
        0.0,
        0.0,
        0.0
       ],
       "value": [
        21313.5117,
        881.232422,
        564.761719,
        144.224609,
        428.115784,
        53.449173,
        308.547852,
        -0.0983458161,
        -0.0605607443,
        -0.0609986484,
        0.0353204161,
        -0.067058824,
        0.0235955063,
        -0.0591549277,
        0.0902888402
       ],
       "children_left": [
        1,
        3,
        5,
        7,
        9,
        11,
        13,
        -1,
        -1,
        -1,
        -1,
        -1,
        -1,
        -1,
        -1
       ],
       "children_right": [
        2,
        4,
        6,
        8,
        10,
        12,
        14,
        -1,
        -1,
        -1,
        -1,
        -1,
        -1,
        -1,
        -1
       ]
      }
     ],
     [
      {
       "feature": [
        0,
        2,
        5,
        0,
        0,
        0,
        3,
        -2,
        -2,
        -2,
        -2,
        -2,
        -2,
        -2,
        -2
       ],
       "threshold": [
        5.625,
        65.3995056,
        15.625,
        4.625,
        3.375,
        7.375,
        -1.5,
        0.0,
        0.0,
        0.0,
        0.0,
        0.0,
        0.0,
        0.0,
        0.0
       ],
       "value": [
        19152.8398,
        792.941406,
        512.554688,
        148.283203,
        343.058258,
        45.6800613,
        192.915039,
        -0.09353064,
        -0.0558382571,
        -0.0584510751,
        0.0294102281,
        -0.0666525066,
        0.0148020601,
        -0.0843886137,
        0.0848724246
       ],
       "children_left": [
        1,
        3,
        5,
        7,
        9,
        11,
        13,
        -1,
        -1,
        -1,
        -1,
        -1,
        -1,
        -1,
        -1
       ],
       "children_right": [
        2,
        4,
        6,
        8,
        10,
        12,
        14,
        -1,
        -1,
        -1,
        -1,
        -1,
        -1,
        -1,
        -1
       ]
      }
     ],
     [
      {
       "feature": [
        0,
        2,
        1,
        0,
        0,
        0,
        2,
        -2,
        -2,
        -2,
        -2,
        -2,
        -2,
        -2,
        -2
       ],
       "threshold": [
        5.625,
        62.539547,
        11.875,
        4.625,
        3.375,
        7.875,
        2.71141434,
        0.0,
        0.0,
        0.0,
        0.0,
        0.0,
        0.0,
        0.0,
        0.0
       ],
       "value": [
        17481.9844,
        718.625,
        644.352539,
        106.390625,
        386.967499,
        110.299324,
        158.533691,
        -0.0896794796,
        -0.0567686148,
        -0.0610561781,
        0.0248352494,
        -0.0533465259,
        0.0356223434,
        -0.0881040618,
        0.0838612244
       ],
       "children_left": [
        1,
        3,
        5,
        7,
        9,
        11,
        13,
        -1,
        -1,
        -1,
        -1,
        -1,
        -1,
        -1,
        -1
       ],
       "children_right": [
        2,
        4,
        6,
        8,
        10,
        12,
        14,
        -1,
        -1,
        -1,
        -1,
        -1,
        -1,
        -1,
        -1
       ]
      }
     ],
     [
      {
       "feature": [
        0,
        2,
        1,
        0,
        0,
        0,
        9,
        -2,
        -2,
        -2,
        -2,
        -2,
        -2,
        -2,
        -2
       ],
       "threshold": [
        5.625,
        62.539547,
        11.875,
        4.625,
        3.375,
        7.875,
        0.0748965442,
        0.0,
        0.0,
        0.0,
        0.0,
        0.0,
        0.0,
        0.0,
        0.0
       ],
       "value": [
        15971.5293,
        666.076172,
        597.410156,
        103.798828,
        351.284607,
        97.0710983,
        213.136719,
        -0.0861433372,
        -0.0537269786,
        -0.0580300167,
        0.0243088659,
        -0.0511261337,
        0.0323332176,
        -0.0748959035,
        0.0810837522
       ],
       "children_left": [
        1,
        3,
        5,
        7,
        9,
        11,
        13,
        -1,
        -1,
        -1,
        -1,
        -1,
        -1,
        -1,
        -1
       ],
       "children_right": [
        2,
        4,
        6,
        8,
        10,
        12,
        14,
        -1,
        -1,
        -1,
        -1,
        -1,
        -1,
        -1,
        -1
       ]
      }
     ],
     [
      {
       "feature": [
        0,
        2,
        1,
        0,
        0,
        0,
        2,
        -2,
        -2,
        -2,
        -2,
        -2,
        -2,
        -2,
        -2
       ],
       "threshold": [
        5.875,
        61.0267639,
        11.875,
        4.625,
        3.375,
        7.875,
        2.71141434,
        0.0,
        0.0,
        0.0,
        0.0,
        0.0,
        0.0,
        0.0,
        0.0
       ],
       "value": [
        14575.6934,
        702.201172,
        436.419189,
        105.039062,
        402.715393,
        69.7679596,
        131.773438,
        -0.0831213072,
        -0.051792115,
        -0.0576933399,
        0.0246152245,
        -0.0448719859,
        0.0290455315,
        -0.0853110403,
        0.0780918971
       ],
       "children_left": [
        1,
        3,
        5,
        7,
        9,
        11,
        13,
        -1,
        -1,
        -1,
        -1,
        -1,
        -1,
        -1,
        -1
       ],
       "children_right": [
        2,
        4,
        6,
        8,
        10,
        12,
        14,
        -1,
        -1,
        -1,
        -1,
        -1,
        -1,
        -1,
        -1
       ]
      }
     ],
     [
      {
       "feature": [
        2,
        5,
        8,
        5,
        6,
        4,
        8,
        -2,
        -2,
        -2,
        -2,
        -2,
        -2,
        -2,
        -2
       ],
       "threshold": [
        47.5809288,
        14.375,
        0.552734375,
        10.375,
        7.46949387,
        -0.44140625,
        0.848388672,
        0.0,
        0.0,
        0.0,
        0.0,
        0.0,
        0.0,
        0.0,
        0.0
       ],
       "value": [
        7327.19727,
        589.255859,
        884.715088,
        3.49804688,
        440.796631,
        878.063965,
        64.5028992,
        -0.0815300494,
        -0.0760317594,
        0.0265938379,
        -0.0567621291,
        -0.0459499769,
        0.0436671935,
        -0.030147776,
        -0.0724820271
       ],
       "children_left": [
        1,
        3,
        5,
        7,
        9,
        11,
        13,
        -1,
        -1,
        -1,
        -1,
        -1,
        -1,
        -1,
        -1
       ],
       "children_right": [
        2,
        4,
        6,
        8,
        10,
        12,
        14,
        -1,
        -1,
        -1,
        -1,
        -1,
        -1,
        -1,
        -1
       ]
      }
     ],
     [
      {
       "feature": [
        7,
        5,
        5,
        5,
        7,
        5,
        9,
        -2,
        -2,
        -2,
        -2,
        -2,
        -2,
        -2,
        -2
       ],